{
  "pixel_accuracy": 0.953660102739726,
  "pixel_precision": 0.8146249379036264,
  "pixel_recall": 0.6904124353727749,
  "pixel_f1": 0.7473929847589877,
  "n_tiles": 146,
  "mean_tile_iou": 0.5965506488587253,
  "median_tile_iou": 0.5945372123716073,
  "std_tile_iou": 0.02416058165197255
}